{
  "Header": {
    "title": "We are a Landing Page",
    "paragraph": "Lorem ipsum dolor sit amet, consectetur adipiscing elit. Duis sed dapibus leo nec ornare diam sed commodo nibh ante facilisis bibendum."
  },
  "About": {
    "paragraph": "Toppers Academy ( UPSC:NPSC:NSSB) was formed with the motto to help aspirants clear competitive exams in their very first attempt itself .It is online based because all the mentors are UPSC and NPSC qualified and are posted in different locations .In Toppers Academy , we will teach you tricks , strategies and short cuts of how to ace competitive exams and emerge as toppers .",
    "Why": [
      "1. Imkongnukla Ao, UPSC and NPSC Qualified",
      "2. Aotula Ozukum , UPSC and NPSC Qualified",
      "3. Kilangtemsu, UPSC mains and NPSC Qualified",
      "4. Kudazo Swuro , NPSC Qualified",
      "5. Zujanbeni ngullie , NPSC Qualified"
    ]
  },
  "Gallery": [
    {
      "title": "Project Title",
      "largeImage": "img/portfolio/01-large.jpg",
      "smallImage": "img/portfolio/01-small.jpg"
    },
    {
      "title": "Project Title",
      "largeImage": "img/portfolio/02-large.jpg",
      "smallImage": "img/portfolio/02-small.jpg"
    },
    {
      "title": "Project Title",
      "largeImage": "img/portfolio/03-large.jpg",
      "smallImage": "img/portfolio/03-small.jpg"
    },
    {
      "title": "Project Title",
      "largeImage": "img/portfolio/04-large.jpg",
      "smallImage": "img/portfolio/04-small.jpg"
    },
    {
      "title": "Project Title",
      "largeImage": "img/portfolio/05-large.jpg",
      "smallImage": "img/portfolio/05-small.jpg"
    },
    {
      "title": "Project Title",
      "largeImage": "img/portfolio/06-large.jpg",
      "smallImage": "img/portfolio/06-small.jpg"
    },
    {
      "title": "Project Title",
      "largeImage": "img/portfolio/07-large.jpg",
      "smallImage": "img/portfolio/07-small.jpg"
    },
    {
      "title": "Project Title",
      "largeImage": "img/portfolio/08-large.jpg",
      "smallImage": "img/portfolio/08-small.jpg"
    },
    {
      "title": "Project Title",
      "largeImage": "img/portfolio/09-large.jpg",
      "smallImage": "img/portfolio/09-small.jpg"
    }
  ],
  "Services": [
    {
      "icon": "fa fa-wordpress",
      "name": "Personalised Mentorship",
      "text": "Experience a tailored 6-month mentorship program designed to fit your unique goals and aspirations. Receive personalized guidance and support to accelerate your growth and success. Join our professional mentorship program today."
    },
    {
      "icon": "fa fa-cart-arrow-down",
      "name": "Study Routine",
      "text": "Crafting a customized study routine exclusively tailored to your needs and goals. Unlock your full potential with a personalized approach to learning. Let us design your ideal study plan for optimal success."
    },
    {
      "icon": "fa fa-cloud-download",
      "name": "Phone Calls",
      "text": "Gain exclusive access to insightful phone conversations with top achievers in NPSC and UPSC examinations. Elevate your preparation through firsthand guidance and tips from successful candidates. Connect directly with accomplished toppers to enhance your exam strategy and performance."
    },
    {
      "icon": "fa fa-language",
      "name": "Evaluating",
      "text": "Embark on a transformative journey with our bespoke 6-month mentorship program. Tailored to your individual needs, this program offers personalized guidance and support to propel you towards your goals. Experience a unique opportunity for growth and development with our dedicated mentorship offering."
    },
    {
      "icon": "fa fa-plane",
      "name": "Courses",
      "text": "Enroll in our comprehensive 6-month courses tailored specifically for UPSC, NPSC, and NSSB exams. Designed to equip you with the skills and knowledge necessary for success, our programs provide focused preparation and expert guidance. Prepare effectively and confidently for your upcoming exams with our specialized curriculum and support."
    },
    {
      "icon": "fa fa-pie-chart",
      "name": "Current Affairs",
      "text": "Stay ahead in public service exams with our current affairs updates. Equip yourself with the latest information and analysis essential for competitive edge. Keep pace with dynamic trends and developments to excel in your preparation journey."
    }
  ],
  "Testimonials": [
    {
      "img": "img/testimonials/01.jpg",
      "text": "\"Leadership is not merely about holding a position of authority; it is about inspiring others through ethical conduct, empathy, and a relentless pursuit of the common good. As aspiring leaders, let us lead by example and serve with humility.\"",
      "name": "Imkongnukla Ao"
    },
    {
      "img": "img/testimonials/02.jpg",
      "text": "\"Excellence is not an act but a habit. Cultivate the habit of excellence in every endeavor, and you shall emerge as stewards of change and champions of the public good.\"",
      "name": "Kudazo swuro"
    },
    {
      "img": "img/testimonials/03.jpg",
      "text": "\"In the pursuit of public service, let integrity be your guiding light, for it illuminates the path towards a nation's progress and prosperity.\"",
      "name": "Zujanbeni ngullie"
    }
  ],
  "Team": [
    {
      "img": "img/team/01.jpg",
      "name": "Imkongnukla Ao",
      "job": "UPSC and NPSC Qualified"
    },
    {
      "img": "img/team/02.jpg",
      "name": "Yimkum I Ozukum",
      "job": "UPSC Qualified"
    },
    {
      "img": "img/team/03.jpg",
      "name": "Kudazo swuro",
      "job": "NPSC Qualified ( EAC)"
    },
    {
      "img": "img/team/04.jpg",
      "name": "Zujanbeni ngullie",
      "job": "NPSC Qualified ( EAC)"
    }
  ],
  "Contact": {
    "address": "4321 California St, San Francisco, CA 12345 ",
    "phone": "+91 7640070022",
    "email": "Toppersacademy27@gmail.com",
    "facebook": "fb.com",
    "twitter": "twitter.com",
    "youtube": "youtube.com"
  },
  "Features": [
    {
      "icon": "fa fa-comments-o",
      "title": "Lorem ipsum",
      "text": "Lorem ipsum dolor sit amet placerat facilisis felis mi in tempus eleifend pellentesque natoque etiam."
    },
    {
      "icon": "fa fa-bullhorn",
      "title": "Lorem ipsum",
      "text": "Lorem ipsum dolor sit amet placerat facilisis felis mi in tempus eleifend pellentesque natoque etiam."
    },
    {
      "icon": "fa fa-group",
      "title": "Lorem ipsum",
      "text": "Lorem ipsum dolor sit amet placerat facilisis felis mi in tempus eleifend pellentesque natoque etiam."
    },
    {
      "icon": "fa fa-magic",
      "title": "Lorem ipsum",
      "text": "Lorem ipsum dolor sit amet placerat facilisis felis mi in tempus eleifend pellentesque natoque etiam."
    }
  ]
}
